{
  "Email Summary": {
    "Email_Status": {
      "Email Status": {
        "Quarantined": 0,
        "Deleted": 0
      },
      "chart_type": "horizontal_bar",
      "label": "Status",
      "background_color": "rgb(255,130,0)"
    },
    "Top 03 Sender and Receipts": {
      "Top 3 Senders": [],
      "Top 3 Receipts": []
    },
    "Threat Type": {
      "Malicious Files": 0,
      "Malicious URLs": 0,
      "Phishing": 0,
      "Spoofing": 0,
      "Suspicious Object": 0,
      "Blocked Object": 0
    }
  },
  "Vulnerability Assessment Report": {
    "Internal Assets": {
      "Vulnerable Endpoint Percentage": "75",
      "Highly-Exploitable CVE Density": "74",
      "Devices with Legacy Windows Systems": "2",
      "Average Unpatched Time": "20",
      "Mean Time to Patch (MTTP)": "17",
      "Highly-Exploitable Unique CVEs": "9376"
    }
  },
  "System Configuration Report": {
    "System Configuration Report": {
      "Accounts with Weak Authentication": "419",
      "Accounts that Increase Attack Surface Risk": "603",
      "Accounts with Excessive Privilege": "0",
      "Hosts with Insecure Connection Issues": "7"
    }
  },
  "Agent Version Summary": {
    "All Agents Version Summary": {
      "Total (Endpoint + Server)": 832,
      "Latest Version (Endpoint + Server)": 674,
      "Older Version (Endpoint + Server)": 158,
      "End-of-Life version (Endpoint + Server)": 0
    },
    "chart_type": "pie",
    "label": [
      " Total (Workload + Apex)",
      " Latest version (Workload + Apex) as a Service",
      " Outdated version (Workload + Apex) as a Service"
    ],
    "background_color": [
      "rgb(255,130,0)",
      "rgb(255,204,148)",
      "rgb(255,162,64)"
    ]
  },
  "Risk Matrics": {
    "Last Three Month Risk Score": {
      "April": "NA",
      "May": "NA",
      "June": "32.2"
    },
    "chart_type": "doughnut",
    "background_color": [
      "rgb(67,71,216)",
      "rgb(195,195,198)"
    ]
  },
  "Executive Summary": {
    "Incident Overview by SOC Team": [
      {
        "No of Incidents": 132,
        "Name of Incident": "FortiGate: Attack detected by UDP/TCP signature.",
        "Description": ""
      },
      {
        "No of Incidents": 9,
        "Name of Incident": "Checkpoint: Multiple LAN firewall administration authentication failure.",
        "Description": ""
      },
      {
        "No of Incidents": 5,
        "Name of Incident": "Linux Trend Micro Deep Security Configuration Reset Command Identified",
        "Description": ""
      },
      {
        "No of Incidents": 5,
        "Name of Incident": "File Detections in Windows Directory - Blocked",
        "Description": ""
      },
      {
        "No of Incidents": 5,
        "Name of Incident": "[Heuristic Attribute] Possible Remote Services Behavior",
        "Description": ""
      }
    ],
    "Action Performed by SOC Team": [
      {
        "No of Incidents": 132,
        "Name of Incident": "FortiGate: Attack detected by UDP/TCP signature.",
        "Action Performed": ""
      },
      {
        "No of Incidents": 9,
        "Name of Incident": "Checkpoint: Multiple LAN firewall administration authentication failure.",
        "Action Performed": ""
      },
      {
        "No of Incidents": 5,
        "Name of Incident": "Linux Trend Micro Deep Security Configuration Reset Command Identified",
        "Action Performed": ""
      },
      {
        "No of Incidents": 5,
        "Name of Incident": "File Detections in Windows Directory - Blocked",
        "Action Performed": ""
      },
      {
        "No of Incidents": 5,
        "Name of Incident": "[Heuristic Attribute] Possible Remote Services Behavior",
        "Action Performed": ""
      }
    ],
    "Recommendations by SOC Team": [
      {
        "No of Incidents": 132,
        "Name of Incident": "FortiGate: Attack detected by UDP/TCP signature.",
        "Recommendations": ""
      },
      {
        "No of Incidents": 9,
        "Name of Incident": "Checkpoint: Multiple LAN firewall administration authentication failure.",
        "Recommendations": ""
      },
      {
        "No of Incidents": 5,
        "Name of Incident": "Linux Trend Micro Deep Security Configuration Reset Command Identified",
        "Recommendations": ""
      },
      {
        "No of Incidents": 5,
        "Name of Incident": "File Detections in Windows Directory - Blocked",
        "Recommendations": ""
      },
      {
        "No of Incidents": 5,
        "Name of Incident": "[Heuristic Attribute] Possible Remote Services Behavior",
        "Recommendations": ""
      }
    ]
  },
  "Detection Summary from A1": {
    "Detection Summary form Apex One": {
      "Virus/Malware & Spyware/Grayware": {
        "File Cleaned (Virus/Malware + Spyware/Grayware)": 0,
        "File Quarantine (Virus / Malware)": 0,
        "Restart Action Required (Virus / Malware)": 0,
        "File Deleted (Virus / Malware)": 0,
        "chart_type": "horizontal_bar",
        "label": "No of Detections",
        "background_color": "rgb(255,130,0)"
      },
      "C & C Connections & Intrusion attempts Blocked": {
        "Total C & C Connections Blocked": 0,
        "Total Intrusion Attempts Blocked": 0,
        "chart_type": "horizontal_bar",
        "label": "No of Blocked",
        "background_color": "rgb(255,130,0)"
      }
    },
    "Top 03 Endpoints": {
      "File Cleaned/Spyware": [
        "NA",
        "NA",
        "NA"
      ],
      "File Cleaned/Malware": [
        "NA",
        "NA",
        "NA"
      ],
      "File Qurantined(Malware)": [
        "NA",
        "NA",
        "NA"
      ],
      "File Deleted": [
        "NA",
        "NA",
        "NA"
      ],
      "C & C Connection Blocked": [
        "NA",
        "NA",
        "NA"
      ],
      "Intrusion Attempts Blocked": [
        "NA",
        "NA",
        "NA"
      ]
    }
  },
  "SLO Summary": {
    "SLO Summary": {
      "Total No of Incidents Closed": 12,
      "SLO Met": 0,
      "SLO Not Met": 12
    },
    "chart_type": "horizontal_bar",
    "label": "No of Incidents",
    "background_color": "rgb(255,130,0)"
  },
  "Top Risk Device": {
    "Top Risk Device": [
      {
        "Device Name": "EC2AMAZ-304OAMD",
        "Risk Score": 87
      },
      {
        "Device Name": "BARCMUMVPIMDB",
        "Risk Score": 87
      },
      {
        "Device Name": "barcmumvsbibcwb",
        "Risk Score": 83
      },
      {
        "Device Name": "barcmumpesx16",
        "Risk Score": 83
      },
      {
        "Device Name": "barcmumvclt02.barcindia.net",
        "Risk Score": 83
      },
      {
        "Device Name": "barcmumpesx17",
        "Risk Score": 83
      },
      {
        "Device Name": "barcmvpdtudn04.barcindia.net",
        "Risk Score": 83
      },
      {
        "Device Name": "PRODMRTGWEB02",
        "Risk Score": 83
      },
      {
        "Device Name": "barcmumvtap01.barcindia.net",
        "Risk Score": 83
      },
      {
        "Device Name": "BARCJENUPGRDE",
        "Risk Score": 81
      }
    ],
    "chart_type": "horizontal_bar",
    "background_color": "rgb(255,130,0)"
  },
  "Critical High Incidents Summary": {
    "Critical/High Incidents Summary": []
  },
  "Top Risk Users": {
    "Top Risk Users": [
      {
        "User Name": "Nakul Chopra",
        "Risk Score": 90
      },
      {
        "User Name": "Mahendra Upadhyay",
        "Risk Score": 90
      },
      {
        "User Name": "Dileep Kumawat",
        "Risk Score": 83
      },
      {
        "User Name": "no-reply",
        "Risk Score": 80
      },
      {
        "User Name": "BARC Domain Admin",
        "Risk Score": 78
      },
      {
        "User Name": "Zafar Syed",
        "Risk Score": 78
      },
      {
        "User Name": "winconnect",
        "Risk Score": 78
      },
      {
        "User Name": "it_ops YOTTA Cloud Team",
        "Risk Score": 78
      },
      {
        "User Name": "MSOL_2350bacf8f90",
        "Risk Score": 74
      },
      {
        "User Name": "Pradip Fulpagare",
        "Risk Score": 74
      }
    ],
    "chart_type": "horizontal_bar",
    "background_color": "rgb(255,130,0)"
  },
  "Product Assessment Report": {
    "TM Products Summary": [
      {
        "TM Product": "Vision One",
        "Connection Status": "Connected"
      },
      {
        "TM Product": "Cloud One",
        "Connection Status": "Connected"
      },
      {
        "TM Product": "Apex Central",
        "Connection Status": ""
      },
      {
        "TM Product": "Cloud App security",
        "Connection Status": ""
      }
    ],
    "Third Party Products Summary": []
  },
  "Account Compromise Events": {
    "Account Compromise Events": [
      {
        "Risk Event": "Potential Impersonation Attempt - Impossible Travel",
        "Data Source": "Microsoft Entra ID",
        "Asset": "dileep.kumawat@barcindia.co.in",
        "Event Risk": "high"
      }
    ]
  },
  "Endpoint Feature Compliance": {
    "Endpoint Feature Compliance": {
      "XDR Endpoint Sensor Not Enabled": 0,
      "Vulnerability Protection not Enabled": 0,
      "XDR Endpoint Sensor, Vulnerability Protection Enabled": 0
    },
    "chart_type": "hroizontal_bar",
    "background_color": "rgb(255,130,0)"
  },
  "Component Versions": {
    "WorkLoad Protection": {
      "Older": 1,
      "Latest": 0,
      "End of Life": 0
    },
    "Standard Endpoint Protection": {
      "Older": 0,
      "Latest": 0,
      "End of Life": 0
    }
  },
  "Top Vulnerability Detected": {
    "Top Vulnerabilities Detected": [
      {
        "CVE": "CVE-2025-32701",
        "CVE impact score": 7.8
      },
      {
        "CVE": "CVE-2025-32706",
        "CVE impact score": 7.8
      },
      {
        "CVE": "CVE-2025-32709",
        "CVE impact score": 7.8
      },
      {
        "CVE": "CVE-2023-44487",
        "CVE impact score": 7.5
      },
      {
        "CVE": "CVE-2025-30397",
        "CVE impact score": 7.5
      },
      {
        "CVE": "CVE-2025-0411",
        "CVE impact score": 7
      },
      {
        "CVE": "CVE-2023-24932",
        "CVE impact score": 6.7
      },
      {
        "CVE": "CVE-2018-3639",
        "CVE impact score": 5.5
      },
      {
        "CVE": "CVE-2025-6558",
        "CVE impact score": 0
      },
      {
        "CVE": "CVE-2025-33053",
        "CVE impact score": 0
      }
    ],
    "chart_type": "horizontal_bar",
    "label": [
      "CVE impact scort",
      "Imapact scope"
    ],
    "background_color": [
      "rgb(255,130,0)",
      "rgb(251,214,92)"
    ]
  },
  "Key Feature Adoption Rate of C1": {
    "Key Feature Adoption Rate of C1": [
      {
        "Feature Name": "Intrusion Prevention System (IPS)",
        "Total": "320",
        "Count": "320",
        "Rate": "100"
      },
      {
        "Feature Name": "Anti-malware",
        "Total": "320",
        "Count": "320",
        "Rate": "100"
      },
      {
        "Feature Name": "Web Reputation",
        "Total": "320",
        "Count": "320",
        "Rate": "100"
      },
      {
        "Feature Name": "Behavior Monitoring",
        "Total": "320",
        "Count": "320",
        "Rate": "100"
      },
      {
        "Feature Name": "Predictive Machine Learning",
        "Total": "320",
        "Count": "320",
        "Rate": "100"
      },
      {
        "Feature Name": "Smart Feedback",
        "Total": "320",
        "Count": "0",
        "Rate": "0"
      },
      {
        "Feature Name": "Firewall",
        "Total": "320",
        "Count": "1",
        "Rate": "0"
      },
      {
        "Feature Name": "Agent Self-Protection",
        "Total": "320",
        "Count": "318",
        "Rate": "99"
      },
      {
        "Feature Name": "File Integrity Monitoring (FIM)",
        "Total": "320",
        "Count": "319",
        "Rate": "100"
      },
      {
        "Feature Name": "Log Inspection",
        "Total": "320",
        "Count": "320",
        "Rate": "100"
      },
      {
        "Feature Name": "Device Control",
        "Total": "NA",
        "Count": "NA",
        "Rate": "NA"
      },
      {
        "Feature Name": "Application Control",
        "Total": "320",
        "Count": "304",
        "Rate": "95"
      }
    ],
    "chart_type": "horizontal_bar",
    "label": [
      "Total",
      "Count",
      "Rate"
    ],
    "background_color": [
      "rgb(255,130,0)",
      "rgb(251,214,92)",
      "rgb(9,12,155)"
    ]
  },
  "Pending Incidents Summary": {
    "Pending Incidents Summary": []
  },
  "V1 Workbench Incidents Summary": {
    "V1 Workbench Incidents Summary": {
      "P1": {
        "Incidents Closed with Resolution": 0,
        "Incidents Closed without Acknowledgement": 0,
        "Pending Incidents": 0
      },
      "P2": {
        "Incidents Closed with Resolution": 0,
        "Incidents Closed without Acknowledgement": 0,
        "Pending Incidents": 0
      },
      "P3": {
        "Incidents Closed with Resolution": 10,
        "Incidents Closed without Acknowledgement": 0,
        "Pending Incidents": 0
      },
      "P4": {
        "Incidents Closed with Resolution": 22,
        "Incidents Closed without Acknowledgement": 0,
        "Pending Incidents": 0
      }
    }
  },
  "SIEM Incidents Summary": {
    "SIEM Incidents Summary": {
      "P1": {
        "Incidents Closed with Resolution": 0,
        "Incidents Closed without Acknowledgement": 0,
        "Pending Incidents": 0
      },
      "P2": {
        "Incidents Closed with Resolution": 0,
        "Incidents Closed without Acknowledgement": 0,
        "Pending Incidents": 0
      },
      "P3": {
        "Incidents Closed with Resolution": 12,
        "Incidents Closed without Acknowledgement": 0,
        "Pending Incidents": 0
      },
      "P4": {
        "Incidents Closed with Resolution": 144,
        "Incidents Closed without Acknowledgement": 0,
        "Pending Incidents": 0
      }
    }
  },
  "Overall Incidents Summary": {
    "Status Summary": {
      "Incidents Closed with Resolution": 209,
      "Incidents Closed without Acknowledgement": 0,
      "Pending Incidents": 0
    },
    "Overall Incidents Summary": {
      "P1": {
        "Incidents Closed with Resolution": 0,
        "Incidents Closed without Acknowledgement": 0,
        "Pending Incidents": 0
      },
      "P2": {
        "Incidents Closed with Resolution": 0,
        "Incidents Closed without Acknowledgement": 0,
        "Pending Incidents": 0
      },
      "P3": {
        "Incidents Closed with Resolution": 22,
        "Incidents Closed without Acknowledgement": 0,
        "Pending Incidents": 0
      },
      "P4": {
        "Incidents Closed with Resolution": 187,
        "Incidents Closed without Acknowledgement": 0,
        "Pending Incidents": 0
      }
    },
    "chart_type": "horizontal_bar",
    "label": "No of Incidents",
    "background_color": "rgb(255,130,0)"
  },
  "Detailed Summary": {
    "Total No of Incidents": {
      "Total Incidents": 209,
      "Month & Year": "June 2025"
    },
    "Risk Index": {
      "Score": 32.2,
      "Description": "The Risk Index is a comprehensive score based on the dynamic assessment of risk factors inclusive of exposure, attack risk, and security configurations risk. You can take company-wide remediation steps and preventive measures to lower the company-wide risk index over time.",
      "chart_type": "doughnut",
      "background_color": [
        "rgb(67,71,216)",
        "rgb(195,195,198)"
      ]
    },
    "No of Highly Exploitable Unique CVEs": 9376,
    "No of Incidents Closed without acknowledgement": 0,
    "Top incidents": [
      {
        "Incident Names with no of Occurrence": "FortiGate: Attack detected by UDP/TCP signature. - 132",
        "Priority - Impact": "P4 - Low",
        "Data Source": "Fortigate"
      },
      {
        "Incident Names with no of Occurrence": "Checkpoint: Multiple LAN firewall administration authentication failure. - 9",
        "Priority - Impact": "P3 - Medium",
        "Data Source": "Checkpoint"
      },
      {
        "Incident Names with no of Occurrence": "Linux Trend Micro Deep Security Configuration Reset Command Identified - 5",
        "Priority - Impact": "P3 - Medium",
        "Data Source": "SAE"
      },
      {
        "Incident Names with no of Occurrence": "File Detections in Windows Directory - Blocked - 5",
        "Priority - Impact": "P4 - Low",
        "Data Source": "SAE"
      },
      {
        "Incident Names with no of Occurrence": "[Heuristic Attribute] Possible Remote Services Behavior - 5",
        "Priority - Impact": "P4 - Low",
        "Data Source": "SAE"
      },
      {
        "No of Incidents": 156
      }
    ]
  },
  "Key Feature Adoption Rate of A1": {
    "Key Feature Adoption Rate of A1": [
      {
        "Feature Name": "Vulnerability Protection",
        "Total": 0,
        "Count": 0,
        "Rate": 0
      },
      {
        "Feature Name": "Anti-Malware Scans",
        "Total": 0,
        "Count": 0,
        "Rate": 0
      },
      {
        "Feature Name": "Web Reputation",
        "Total": 0,
        "Count": 0,
        "Rate": 0
      },
      {
        "Feature Name": "Behavior Monitoring",
        "Total": 0,
        "Count": 0,
        "Rate": 0
      },
      {
        "Feature Name": "Predictive Machine Learning",
        "Total": 0,
        "Count": 0,
        "Rate": 0
      },
      {
        "Feature Name": "Smart Feedback",
        "Total": 0,
        "Count": 0,
        "Rate": 0
      },
      {
        "Feature Name": "Firewall",
        "Total": 0,
        "Count": 0,
        "Rate": 0
      },
      {
        "Feature Name": "Suspicious Connection Service",
        "Total": 0,
        "Count": 0,
        "Rate": 0
      },
      {
        "Feature Name": "Device Control",
        "Total": 0,
        "Count": 0,
        "Rate": 0
      },
      {
        "Feature Name": "Application Control",
        "Total": 0,
        "Count": 0,
        "Rate": 0
      }
    ],
    "chart_type": "horizontal_bar",
    "label": [
      "Total",
      "Count",
      "Rate"
    ],
    "background_color": [
      "rgb(255,130,0)",
      "rgb(251,214,92)",
      "rgb(9,12,155)"
    ]
  }
}