{
  "ENDPOINT_INVENTORY": {
    "date": {
      "ENDPOINT_INVENTORY": {
        "Bar_graph": {
          "Key": [
            "Immediate Action Required",
            "Sensor disabled",
            "Sensor update recommended",
            "Unmanaged endpoints",
            "Sensor only"
          ],
          "data": [
            "6",
            "4",
            "18",
            "193",
            "6"
          ],
          "label": "Info",
          "backgroundColor": "#ff8200",
          "chart_type": "vertical_bar"
        },
        "CP_and_LI": {
          "License_Information": [
            {
              "Status": "",
              "Product": "Apex One as a Service"
            },
            {
              "Status": "",
              "Product": "Cloud App Security"
            }
          ],
          "Products_Connected": [
            {
              "Status": "Connected",
              "Product": "Apex One as a Service"
            },
            {
              "Status": "Not Connected",
              "Product": "Cloud App Security"
            }
          ]
        }
      },
      "blank": 0
    }
  },
  "Key Feature Adoption Rate of C1": {
    "Key Feature Adoption Rate of C1": [
      {
        "Feature Name": "Intrusion Prevention System (IPS)",
        "Total": "299",
        "Count": "153",
        "Rate": "51"
      },
      {
        "Feature Name": "Anti-malware",
        "Total": "299",
        "Count": "153",
        "Rate": "51"
      },
      {
        "Feature Name": "Web Reputation",
        "Total": "299",
        "Count": "135",
        "Rate": "45"
      },
      {
        "Feature Name": "Behavior Monitoring",
        "Total": "294",
        "Count": "294",
        "Rate": "100"
      },
      {
        "Feature Name": "Predictive Machine Learning",
        "Total": "299",
        "Count": "299",
        "Rate": "100"
      },
      {
        "Feature Name": "Smart Feedback",
        "Total": "299",
        "Count": "182",
        "Rate": "61"
      },
      {
        "Feature Name": "Firewall",
        "Total": "299",
        "Count": "36",
        "Rate": "12"
      },
      {
        "Feature Name": "Agent Self-Protection",
        "Total": "299",
        "Count": "153",
        "Rate": "51"
      },
      {
        "Feature Name": "File Integrity Monitoring (FIM)",
        "Total": "299",
        "Count": "153",
        "Rate": "51"
      },
      {
        "Feature Name": "Log Inspection",
        "Total": "299",
        "Count": "153",
        "Rate": "51"
      },
      {
        "Feature Name": "Device Control",
        "Total": "NA",
        "Count": "NA",
        "Rate": "NA"
      },
      {
        "Feature Name": "Application Control",
        "Total": "299",
        "Count": "31",
        "Rate": "10"
      }
    ],
    "chart_type": "horizontal_bar",
    "label": [
      "Total",
      "Count",
      "Rate"
    ],
    "background_color": [
      "rgb(255,130,0)",
      "rgb(251,214,92)",
      "rgb(9,12,155)"
    ]
  },
  "CLOSED_INCIDENT_SUMMARY": {
    "date": {
      "CLOSED_INCIDENT_SUMMARY": {
        "graph": {
          "Key": [
            "P1",
            "P2",
            "P3",
            "P4"
          ],
          "data": {
            "True Positive": [
              0,
              0,
              1,
              0
            ],
            "False Positive": [
              0,
              0,
              16,
              19
            ],
            "Remediated": [
              0,
              0,
              0,
              1
            ],
            "Duplicate": [
              0,
              0,
              0,
              0
            ]
          },
          "label": "Count",
          "chart_type": "stacked_bar"
        }
      },
      "blank": 0
    }
  },
  "PENDING_INCIDENTS_SUMMARY": {
    "date": {
      "PENDING_INCIDENTS_SUMMARY": {
        "T_P_Incidents": "50",
        "P_I_F_Customer": "",
        "P_Incidents_from_SOC": "",
        "Pie_chart": {
          "data": [
            "50",
            "",
            ""
          ],
          "backgroundColor": [
            "#ff8200",
            "#ffa950",
            "#ffd9b2"
          ],
          "label": [
            "Total Pending Incidents",
            "Pending Incidents from Customer",
            "Pending Incidents from SOC Team"
          ],
          "chart_type": "doughnut"
        }
      },
      "blank": 0
    }
  },
  "EXECUTIVE_SUMMARY": {
    "date": {
      "EXECUTIVE_SUMMARY": {
        "total_incidents": {
          "total_incidents": "94",
          "start_date": "2025-07-28",
          "end_date": "2025-08-03"
        },
        "risk_index": {
          "chart": {
            "data": [
              24.9,
              75.1
            ],
            "backgroundColor": [
              "rgb(255, 130, 0)",
              "rgb(105, 105, 105)"
            ],
            "label": [],
            "chart_type": "doughnut"
          }
        },
        "highly_exploitable": 624,
        "Incident_Closed": 23,
        "Highest_incidient": 15,
        "Highest_incidient_date": "",
        "top_incident": {
          "no_incidents": 5,
          "table": [
            {
              "incident_name": "Possible Spear Phishing Attack via Link - 15",
              "status": "Closed"
            },
            {
              "incident_name": "IndusFace-WAF: Multiple file injection attack attempts detected and blocked in a short time span. - 13",
              "status": "Closed"
            },
            {
              "incident_name": "Forcepoint-One-SSE: User creation detected. - 6",
              "status": "Closed"
            },
            {
              "incident_name": "Account Attempted to Upload File Containing Malicious URL to OneDrive - 4",
              "status": "Closed"
            },
            {
              "incident_name": "Possible Account Compromise - Atypical Travel - 2",
              "status": "Closed"
            }
          ]
        },
        "agent_life_cycle": {
          "apex_chart": {
            "title": "apex_one",
            "data": [],
            "backgroundColor": [
              "rgb(255, 130, 0)",
              "rgb(105, 105, 105)",
              "rgb(90, 90, 0)"
            ],
            "label": [
              "Latest Version",
              "Older Version",
              "End of Life"
            ],
            "chart_type": "pie"
          },
          "workload_chart": {
            "title": "workload_security",
            "data": [],
            "backgroundColor": [
              "rgb(255, 130, 0)",
              "rgb(105, 105, 105)",
              "rgb(90, 90, 0)"
            ],
            "label": [
              "Latest Version",
              "Older Version",
              "End of Life"
            ],
            "chart_type": "pie"
          }
        },
        "top_endpoint": {
          "no_endpoint": 0,
          "top_incident_table": [],
          "action": ""
        },
        "endpoint_protection": {
          "data": [
            960,
            609
          ],
          "label": [],
          "key": "Agents Deployed"
        },
        "endpoint_sensor": {
          "data": [
            960,
            737
          ],
          "label": [],
          "key": "Sensors Enabled"
        }
      },
      "blank": 0
    }
  },
  "Key Feature Adoption Rate of A1": {
    "Key Feature Adoption Rate of A1": [
      {
        "Feature Name": "Vulnerability Protection",
        "Total": 609,
        "Count": 609,
        "Rate": 100
      },
      {
        "Feature Name": "Anti-Malware Scans",
        "Total": 609,
        "Count": 609,
        "Rate": 100
      },
      {
        "Feature Name": "Web Reputation",
        "Total": 740,
        "Count": 740,
        "Rate": 100
      },
      {
        "Feature Name": "Behavior Monitoring",
        "Total": 759,
        "Count": 676,
        "Rate": 89.1
      },
      {
        "Feature Name": "Predictive Machine Learning",
        "Total": 759,
        "Count": 759,
        "Rate": 100
      },
      {
        "Feature Name": "Smart Feedback",
        "Total": 756,
        "Count": 756,
        "Rate": 100
      },
      {
        "Feature Name": "Firewall",
        "Total": 758,
        "Count": 33,
        "Rate": 4.4
      },
      {
        "Feature Name": "Suspicious Connection Service",
        "Total": 608,
        "Count": 608,
        "Rate": 100
      },
      {
        "Feature Name": "Device Control",
        "Total": 713,
        "Count": 534,
        "Rate": 74.9
      },
      {
        "Feature Name": "Application Control",
        "Total": 739,
        "Count": 633,
        "Rate": 85.7
      }
    ],
    "chart_type": "horizontal_bar",
    "label": [
      "Total",
      "Count",
      "Rate"
    ],
    "background_color": [
      "rgb(255,130,0)",
      "rgb(251,214,92)",
      "rgb(9,12,155)"
    ]
  },
  "THREAT_INTEL_SUMMARY": {
    "date": {
      "THREAT_INTEL_SUMMARY": {
        "Indicators_of_Compromise_IOC": {
          "Key": [
            "IP",
            "URL",
            "Hash",
            "Domain",
            "Email"
          ],
          "data": [
            {
              "label": "IOC Sweeped",
              "data": [],
              "backgroundColor": "#e67700"
            },
            {
              "label": "IOC Matched",
              "data": [],
              "backgroundColor": "#696969"
            }
          ],
          "chart_type": "vertical_bar"
        },
        "R_S_N_Ioc": {
          "key": "notes",
          "data": []
        },
        "Matched_IOCs_Detailed_Summary": [
          []
        ],
        "Incident_Summary_by_Severity": {
          "data": [
            0,
            47,
            17,
            30
          ],
          "label": [
            "Critical",
            "High",
            "Medium",
            "Low"
          ],
          "backgroundColor": [
            "#ff8200",
            "#ffa950",
            "#ffd9b2",
            "#ffc0cb"
          ],
          "chart_type": "doughnut"
        },
        "R_S_N_ISBS": {
          "key": "notes",
          "data": []
        },
        "Incident_Summary_by_status": {
          "data": [
            44,
            0,
            50
          ],
          "label": [
            "Closed Incidents",
            "Closed Incidents without acknowledgement",
            "Pending Incidents"
          ],
          "backgroundColor": [
            "#ff8200",
            "#ffa950"
          ],
          "chart_type": "doughnut"
        },
        "R_S_N_ISB_Status": {
          "key": "summary",
          "data": []
        },
        "Incidents_Summary_by_Priority": {
          "Key": [
            "P1",
            "P2",
            "P3",
            "P4"
          ],
          "data": [
            {
              "label": "Closed",
              "data": [
                0,
                0,
                17,
                27
              ],
              "backgroundColor": "#ffcd9a"
            },
            {
              "label": "Closed without acknowledgement",
              "data": [
                0,
                0,
                0,
                0
              ],
              "backgroundColor": "#f59e42"
            },
            {
              "label": "Pending",
              "data": [
                0,
                47,
                0,
                3
              ],
              "backgroundColor": "#ffc0cb"
            }
          ],
          "chart_type": "vertical_bar"
        },
        "R_S_N_ISBP": {
          "key": "recommendation",
          "data": []
        },
        "T10IS_by_Category": {
          "Key": [
            "No forwarded logs observed from Windows-AD.",
            "No forwarded logs observed from ArubaSwitch.",
            "Possible Spear Phishing Attack via Link",
            "IndusFace-WAF: Multiple file injection attack attempts detected and blocked in a short time span.",
            "Forcepoint-One-SSE: User creation detected.",
            "Account Attempted to Upload File Containing Malicious URL to OneDrive",
            "No forwarded logs observed from Fortigate-FGT60ETK19050904.",
            "No forwarded logs observed from Fortigate-FG100FTK20042721.",
            "No forwarded logs observed from AWS.",
            "No forwarded logs observed from IndusFace-WAS.",
            "Possible Account Compromise - Atypical Travel",
            "[Heuristic Attribute] Possible Remote Services Behavior",
            "Network Sniffing",
            "IndusFace-WAF: Multiple general SQL injection attack attempts detected and blocked in a short time span.",
            "Possible Disabling of Antivirus Software",
            "IndusFace-WAF: Possible Multiple malicious content injection attack attempts and blocked detected in a short time span.",
            "IndusFace-WAF: Multiple advanced persistent threat attack attempts detected and blocked in a short time span."
          ],
          "data": [
            {
              "label": "Closed",
              "data": [
                0,
                0,
                15,
                13,
                6,
                4,
                0,
                0,
                0,
                0,
                2,
                0,
                0,
                1,
                1,
                1,
                1
              ],
              "backgroundColor": "#ffd9b2"
            },
            {
              "label": "Pending",
              "data": [
                17,
                16,
                0,
                0,
                0,
                0,
                4,
                4,
                3,
                3,
                1,
                1,
                1,
                0,
                0,
                0,
                0
              ],
              "backgroundColor": "#ffa950"
            }
          ],
          "chart_type": "horizontal_bar"
        },
        "R_S_N_T10IS": {
          "key": "notes",
          "data": []
        }
      },
      "blank": 0
    }
  },
  "SLO_SUMMARY": {
    "date": {
      "SLO_SUMMARY": {
        "graph": {
          "Key": [
            "Total Closed Incidents",
            "SLO Met",
            "SLO Not Met"
          ],
          "data": [
            44,
            44,
            0
          ],
          "label": "Case volume",
          "backgroundColor": "#ff8200",
          "chart_type": "vertical_bar"
        },
        "SLO_Details": [
          {
            "Priority": 1,
            "Description": "Incidents that have a severe impact on customer operations. This event is a concern, such as attack formations or potential breaches.",
            "Response_Time": ""
          },
          {
            "Priority": 2,
            "Description": "Incidents that have a significant impact, or the potential to have a severe impact, on operations.",
            "Response_Time": ""
          },
          {
            "Priority": 3,
            "Description": "Incidents that have a minimal impact with the potential for escalation if not contained, causing significant impact on operations.",
            "Response_Time": ""
          },
          {
            "Priority": 4,
            "Description": "Incidents that do not have a direct impact on customer operations but violate the customer security baseline.",
            "Response_Time": ""
          }
        ]
      },
      "blank": 0
    }
  }
}