{
    "name": "monthly_reports_generator_19sep",
    "display_name": "monthly_reports_generator_19sep",
    "config": {
        "properties": {
            "date": {
                "type": "string",
                "isPathArg": "false",
                 "position": "1"
            },
            "tenants":{
                "type": "string",
                "isPathArg": "false",
                 "position": "2"
            }
        }
    },
    "actions": [
        {
            "name": "monthly_reports_generator_19sep",
            "type": "MISTRAL",
            "inputs": [
                {
                    "name": "example_input",
                    "type": "string"
                }
            ],
            "outputs": [
                {
                    "name": "example_output",
                    "type": "string"
                },
                {
                    "name": "api_key",
                    "type": "string"
                }
            ]
        }
    ]
}